id,engagement
9240,0.00933536219751794
9241,0.10698285891805932
9242,0.08290512085851036
9243,0.9099731278538293
9244,0.017726893065215677
9245,0.017885255969430035
9246,0.015917863936966245
9247,0.010881756076304561
9248,0.22043572411440793
9249,0.009340818230537605
9250,0.011710783912635117
9251,0.029507507367176698
9252,0.00889409401954649
9253,0.012376186797639795
9254,0.012804984041533742
9255,0.021721533403054386
9256,0.009545156994493282
9257,0.010716827166472657
9258,0.033079163496847
9259,0.011352305272906604
9260,0.013778306644337858
9261,0.014283900100449215
9262,0.01798197406042888
9263,0.046463810665221324
9264,0.011286855487429888
9265,0.28153866872637945
9266,0.01534060882850339
9267,0.009757632407917253
9268,0.020428462998926363
9269,0.017605116113592754
9270,0.10753886299016618
9271,0.6291068045785977
9272,0.01646345227249578
9273,0.06238479709321982
9274,0.14825403628714792
9275,0.19876540545820814
9276,0.024203025941712048
9277,0.261080628069022
9278,0.22954669232308958
9279,0.017853001822937517
9280,0.012257949045395764
9281,0.009554000447640317
9282,0.021729864139718186
9283,0.03936445043486398
9284,0.21159066628254788
9285,0.0609385194775763
9286,0.060117628509144184
9287,0.018872299260516836
9288,0.007074875445774777
9289,0.015416580821922448
9290,0.04195714604417702
9291,0.013629444232371755
9292,0.07925810092829796
9293,0.015227167004283075
9294,0.027663322417636676
9295,0.014157969814222406
9296,0.037104929322507835
9297,0.00853113757299593
9298,0.09203432340470734
9299,0.035624881697136734
9300,0.011704839752565125
9301,0.01940526088091413
9302,0.020862447593558143
9303,0.06108342204007648
9304,0.021032293204379365
9305,0.0801747252943962
9306,0.02164413265188933
9307,0.42476914681992284
9308,0.009021887718261519
9309,0.016863574418409234
9310,0.010065423618669815
9311,0.01760894418796925
9312,0.010729750584342564
9313,0.009887328843467805
9314,0.06998546462430773
9315,0.017878492345131065
9316,0.019322685157759763
9317,0.04510820817070098
9318,0.5277217262874085
9319,0.00918844520468489
9320,0.01393147244243287
9321,0.007857374716791038
9322,0.02587125682044458
9323,0.04959871398407999
9324,0.01430286932553102
9325,0.02195754922868181
9326,0.8418348858018159
9327,0.012889014991789838
9328,0.00708299808336467
9329,0.013697673954302155
9330,0.1009475358244989
9331,0.01871387199657134
9332,0.040490587805002226
9333,0.00891910102968777
9334,0.02912545060047096
9335,0.09637069690064716
9336,0.0189073985256404
9337,0.009342942865679488
9338,0.1590722753019872
9339,0.01248109841880379
9340,0.010530958166935129
9341,0.01442066037467903
9342,0.09119725441321931
9343,0.01942825631201618
9344,0.06660514699216209
9345,0.014238911536141189
9346,0.012115965098461594
9347,0.015679533991265975
9348,0.023334211621115878
9349,0.582884922014475
9350,0.7455907978300211
9351,0.02532398740817923
9352,0.6006383758937502
9353,0.014994031118701618
9354,0.02372436835619428
9355,0.008646726679299525
9356,0.017655615960913248
9357,0.017207839393666248
9358,0.019471767391807688
9359,0.154992474175859
9360,0.025113047808021344
9361,0.01161689065870876
9362,0.03130006442456464
9363,0.0145873226807342
9364,0.017199144466485662
9365,0.025529114705210503
9366,0.10334302030081235
9367,0.023960234863618087
9368,0.8291107632618566
9369,0.015605000544910196
9370,0.3334832689588909
9371,0.015406062588391247
9372,0.024524725025812984
9373,0.07362286160623634
9374,0.017737532095101274
9375,0.7899390990252514
9376,0.012947653298231391
9377,0.015640001957294706
9378,0.010986703886288307
9379,0.3046927313273388
9380,0.017973687271339515
9381,0.017276163879610982
9382,0.0266062839206967
9383,0.05897823410814395
9384,0.014835867465751601
9385,0.009557020354711464
9386,0.022433971480462438
9387,0.029038126895201178
9388,0.14837775773603917
9389,0.009934522365305778
9390,0.020006607974691164
9391,0.04714892525088372
9392,0.5294352416593405
9393,0.015599243722591487
9394,0.007504060550776304
9395,0.021627092044684576
9396,0.02468635976498866
9397,0.02696216450321782
9398,0.012668972143739094
9399,0.6763711974282182
9400,0.014073937983509786
9401,0.01510777498615659
9402,0.022286112465912496
9403,0.04480577454983838
9404,0.013496427371295226
9405,0.021627092044684576
9406,0.018020341828001607
9407,0.017477432498767948
9408,0.010706285440365256
9409,0.013565998955129195
9410,0.49906152154351485
9411,0.0104714948281824
9412,0.09110422041132582
9413,0.021215231959251676
9414,0.15953116475986795
9415,0.8965735065741869
9416,0.23276657713724203
9417,0.017382181573141246
9418,0.007094516383496824
9419,0.46692517630983615
9420,0.02759817027780528
9421,0.3295707570003248
9422,0.012121436045453706
9423,0.10228818959907725
9424,0.8494268833477027
9425,0.020281598029114202
9426,0.009999708216467229
9427,0.1107267657042764
9428,0.020805630332449632
9429,0.009651320119821767
9430,0.02405884474735155
9431,0.010487498752443576
9432,0.047667140866709534
9433,0.0190934717570899
9434,0.012443097406240517
9435,0.09929170288527109
9436,0.04844646328782792
9437,0.026621861484701026
9438,0.01309483050799836
9439,0.014596405344999303
9440,0.03125529660413413
9441,0.013957316703701431
9442,0.8099099513731817
9443,0.5853900671410861
9444,0.011613033370629258
9445,0.00974772554779693
9446,0.020910316535708004
9447,0.09649522072013922
9448,0.023780506018152778
9449,0.018420247474274246
9450,0.018514766911508072
9451,0.11257174640839943
9452,0.02305588911629214
9453,0.013506611250793985
9454,0.059802325888349335
9455,0.053170989075866044
9456,0.009881589991059507
9457,0.013265336888492301
9458,0.027049940656906562
9459,0.01713189336436434
9460,0.01542236875547406
9461,0.07494827191461938
9462,0.010142157025730139
9463,0.013053861750284813
9464,0.028883744948946712
9465,0.008822097518256073
9466,0.11072271404592304
9467,0.014294191565709928
9468,0.026689638451998052
9469,0.040826865190660824
9470,0.02450376034947282
9471,0.028547880677224333
9472,0.01747565399248184
9473,0.01208484449075799
9474,0.16995531987544693
9475,0.017703352855539766
9476,0.011546907776414745
9477,0.02157290110876532
9478,0.8480282256341962
9479,0.010957079200682198
9480,0.03474259320673763
9481,0.06870622803844337
9482,0.08132993567028644
9483,0.014395826659522782
9484,0.05423705972558112
9485,0.6938374190852935
9486,0.2415204964827013
9487,0.02348517032104235
9488,0.008366161743760148
9489,0.011735535186266256
9490,0.6770817678687819
9491,0.3768822783912774
9492,0.2286221588864508
9493,0.0310612100951982
9494,0.044743684022375683
9495,0.013625867213843979
9496,0.014774595932250468
9497,0.04647191997214317
9498,0.06713251222221678
9499,0.01437969700229017
9500,0.014142700383530575
9501,0.10204881413785752
9502,0.014225310754052686
9503,0.026683082121068825
9504,0.020128791689589552
9505,0.02177261432861211
9506,0.05484774240844259
9507,0.01711778392029625
9508,0.13208222311733278
9509,0.016138329378713685
9510,0.0119118073831881
9511,0.15344116240739375
9512,0.021149207550887974
9513,0.017830951749410618
9514,0.03706129141659922
9515,0.009990264954451197
9516,0.007774592432075409
9517,0.012574121849940063
9518,0.008391025711940382
9519,0.01564226683343971
9520,0.013540935098561326
9521,0.06405554462284946
9522,0.0153395943433941
9523,0.0312411112060472
9524,0.011337305880833249
9525,0.014856099693184781
9526,0.03598375154126447
9527,0.010144282024134046
9528,0.023588626540001777
9529,0.017020810859671286
9530,0.15546926184006762
9531,0.019240052671920454
9532,0.015291974138770465
9533,0.3120493372006832
9534,0.012762526446382313
9535,0.013266797727263724
9536,0.1630349938153504
9537,0.016522888981941198
9538,0.018329398035199528
9539,0.013256007736075347
9540,0.010462119519958858
9541,0.01055811663931947
9542,0.012101744415525565
9543,0.01925436795676641
9544,0.015401913845073095
9545,0.3995868930073549
9546,0.01722372378886343
9547,0.8085329509076931
9548,0.48238917226320616
9549,0.020151610351845997
9550,0.02146378436273526
9551,0.03543464299716722
9552,0.041270750353699544
9553,0.031805607366830975
9554,0.01983284243938674
9555,0.022714374013002938
9556,0.01670857851417463
9557,0.015215360245416346
9558,0.00818753297018164
9559,0.07195161156423596
9560,0.00689178202494368
9561,0.01239910292857559
9562,0.08018907736051556
9563,0.06304922519798169
9564,0.44040060858668056
9565,0.01596095057206902
9566,0.23685249462425675
9567,0.01107520626369435
9568,0.031487691616633944
9569,0.642383152438388
9570,0.015539099751700822
9571,0.8225048392362355
9572,0.40804108074145595
9573,0.01863996108655058
9574,0.0304047269051869
9575,0.012957590366991185
9576,0.019836133332183415
9577,0.010029170170507033
9578,0.05209377565987942
9579,0.22780155870778535
9580,0.03175320640527202
9581,0.019135708766592326
9582,0.9003663413815806
9583,0.020063501287055842
9584,0.011254202447057174
9585,0.8524904447573921
9586,0.01957720746282251
9587,0.01726449544883791
9588,0.12842354252950156
9589,0.3552303089076625
9590,0.011740667572104012
9591,0.007055885743964649
9592,0.031797533468086246
9593,0.0077225945230782024
9594,0.03712869972576243
9595,0.01216579638218405
9596,0.02263254140556317
9597,0.015967593649168985
9598,0.7046606122819163
9599,0.846398549383689
9600,0.02091318238315036
9601,0.03264639812010385
9602,0.011744957386465032
9603,0.028157107951325106
9604,0.8930461156006679
9605,0.050495642410792387
9606,0.013596412718920797
9607,0.030945357120588837
9608,0.043526911143877946
9609,0.04364559958010528
9610,0.065912149414588
9611,0.016379442581847786
9612,0.03599484421029979
9613,0.02925424552571819
9614,0.015644132698829815
9615,0.015364046921201841
9616,0.010508024096212041
9617,0.09450539549217502
9618,0.04584794785202165
9619,0.02316197692764516
9620,0.02463824375620306
9621,0.013987279494390556
9622,0.01988766177129111
9623,0.02026150116225375
9624,0.009750349260486903
9625,0.00916222248925856
9626,0.020320944453941503
9627,0.07877109068030916
9628,0.38104103354206265
9629,0.03727022037482085
9630,0.026353227887015093
9631,0.019816838019532056
9632,0.032218695288095754
9633,0.00852463535767567
9634,0.8564263429699703
9635,0.15557649244202898
9636,0.017382983011505614
9637,0.557526359244802
9638,0.010419161858998303
9639,0.7080401389702266
9640,0.014616669742999215
9641,0.008031534166660914
9642,0.023504932846452345
9643,0.017381895962096067
9644,0.07328784747712071
9645,0.010794238936677103
9646,0.02045749357324519
9647,0.03822591069865562
9648,0.024788537236402286
9649,0.046612575290155264
9650,0.022184600389720564
9651,0.007786576053581019
9652,0.009698831708854761
9653,0.750928632899015
9654,0.15518667693141325
9655,0.019769244534601806
9656,0.017206188068079616
9657,0.014975267177114386
9658,0.48478205848261346
9659,0.03387018266181329
9660,0.04283214003870724
9661,0.11510764745171458
9662,0.0496739856262925
9663,0.01746341008863675
9664,0.016650804066928194
9665,0.026797633545914516
9666,0.012775700418581866
9667,0.487775045451446
9668,0.5941553445719493
9669,0.08047516245395861
9670,0.045856001320726265
9671,0.02223648253356387
9672,0.031201204075821318
9673,0.5524200452354415
9674,0.014080481507591409
9675,0.4835669079685843
9676,0.014712274908638946
9677,0.015066188282064142
9678,0.01270490159082654
9679,0.012024252394890944
9680,0.016415585768732248
9681,0.010945630293381829
9682,0.2628004551334262
9683,0.04105176233548405
9684,0.01568899073692204
9685,0.11126422852770455
9686,0.029255621732487674
9687,0.027265810477220435
9688,0.009321581631947615
9689,0.2754488847901243
9690,0.03989540899932985
9691,0.015610537274382772
9692,0.25695443071512014
9693,0.18284702990831955
9694,0.020435478017268395
9695,0.024929066670062176
9696,0.012210188657175887
9697,0.009317241317154376
9698,0.02156332924306081
9699,0.023160269957553367
9700,0.05216477058266222
9701,0.05452623785447087
9702,0.06006437338109948
9703,0.042151090252404516
9704,0.020083018606452747
9705,0.010181712108132943
9706,0.03055496554901082
9707,0.6905297969239119
9708,0.055073251403080274
9709,0.0203742415523692
9710,0.7742214995939889
9711,0.02853107714491096
9712,0.010122655867423343
9713,0.36932036603679674
9714,0.24669974621803054
9715,0.32222585332961173
9716,0.05684706175458287
9717,0.01918926053628956
9718,0.017047439063875066
9719,0.056704871247175964
9720,0.01209905059883024
9721,0.5652674673876059
9722,0.057591181710247255
9723,0.01957647437795522
9724,0.007309512434398603
9725,0.03585495950308181
9726,0.006961967981309076
9727,0.011313148486210367
9728,0.47001063446536967
9729,0.015413068949671739
9730,0.02884977467393752
9731,0.017141237767408928
9732,0.016078035437878505
9733,0.030542308307914285
9734,0.09075269738895017
9735,0.5709866846699678
9736,0.12056810881172157
9737,0.009169304204663066
9738,0.03559755740734631
9739,0.026078980646006895
9740,0.7793997872517907
9741,0.011285094853520071
9742,0.015908499185813
9743,0.012274312989303126
9744,0.024060031165492463
9745,0.01809655393999977
9746,0.04978472091330969
9747,0.019580183675412612
9748,0.6097222353164151
9749,0.022410389177031562
9750,0.03318373397363386
9751,0.022353237605912166
9752,0.019456707802998532
9753,0.05242015123598092
9754,0.13847975920156616
9755,0.04651919803704769
9756,0.01950332376554068
9757,0.010803107513325815
9758,0.019863515590985252
9759,0.028470363750759814
9760,0.027128862072020764
9761,0.012857111395214754
9762,0.019145922953274597
9763,0.017920474172782426
9764,0.027123511301047933
9765,0.45429463484037585
9766,0.026293485318116754
9767,0.05296352090124429
9768,0.208282759671138
9769,0.118430020205565
9770,0.019196654358004783
9771,0.018863039730864152
9772,0.010456823544191909
9773,0.017936744102532147
9774,0.014925444626818848
9775,0.30054851541776273
9776,0.09822294176105816
9777,0.009850358727042608
9778,0.010534669611357529
9779,0.024712862755425207
9780,0.011221847590139491
9781,0.08603798564910922
9782,0.18144910757935542
9783,0.01622062189837691
9784,0.6829368831896439
9785,0.683579213819669
9786,0.2547802016597446
9787,0.018290851276635618
9788,0.02792015388114613
9789,0.03679685423881117
9790,0.009921285558423015
9791,0.04240523921599523
9792,0.00920991100459
9793,0.010541912536300766
9794,0.011994143896949507
9795,0.0269836197692552
9796,0.009978729786722802
9797,0.014267222068758767
9798,0.011502792239312122
9799,0.05484037936108685
9800,0.012337054733120438
9801,0.03596598820621803
9802,0.014109154465873021
9803,0.014863260047171622
9804,0.02225891096193079
9805,0.8772897465564475
9806,0.7088080578085061
9807,0.015416909421971825
9808,0.16112577814322585
9809,0.013875199982448964
9810,0.30907289913833835
9811,0.009149342767306057
9812,0.00945421876881448
9813,0.018262633891813717
9814,0.012174643809102567
9815,0.007244526273003201
9816,0.02195378687273252
9817,0.0115029831326896
9818,0.024651592785072732
9819,0.022704885183654325
9820,0.7096598592034538
9821,0.007801502183033505
9822,0.017785044654890413
9823,0.036847048743596185
9824,0.01284020869285349
9825,0.8158882661249686
9826,0.08158880367285454
9827,0.007042935130233121
9828,0.009521958223016247
9829,0.007384267603144054
9830,0.013654993553378646
9831,0.05699087748914646
9832,0.0239001024775773
9833,0.01823468937599804
9834,0.018383774319769283
9835,0.016174837636892887
9836,0.02626784217733126
9837,0.012236531779883817
9838,0.01572009928261969
9839,0.42091883598636637
9840,0.021622583847806246
9841,0.01962405373603436
9842,0.019734571299283406
9843,0.0323247389592836
9844,0.018748007016810144
9845,0.660501266381145
9846,0.04672773610433708
9847,0.019377369109253775
9848,0.038279873403343746
9849,0.012960057253804117
9850,0.04289484960754369
9851,0.3572936696185892
9852,0.02210886694025117
9853,0.011267963712371837
9854,0.23775814576433535
9855,0.008671727466681678
9856,0.0905390212107985
9857,0.46675299270095105
9858,0.014162320365362574
9859,0.011996680544767331
9860,0.02128040323131802
9861,0.021112457260082575
9862,0.013553647413878251
9863,0.015980565093418154
9864,0.737305076205401
9865,0.030429940498750373
9866,0.04091582240998112
9867,0.012982174227331203
9868,0.021441006980009062
9869,0.018193147954305575
9870,0.01477844127425924
9871,0.024831884234269217
9872,0.02413604233999628
9873,0.16678695318486553
9874,0.5540979397299733
9875,0.011148611130680976
9876,0.014793035908992773
9877,0.01324824729158264
9878,0.017813511881840823
9879,0.012496537014256468
9880,0.04620351934978793
9881,0.013878008465951181
9882,0.8350054953461682
9883,0.02001356766425434
9884,0.0331030427670886
9885,0.03173437230679108
9886,0.6301297400423841
9887,0.39033259601220643
9888,0.01938952980704272
9889,0.025483578183970127
9890,0.026513794859972784
9891,0.04912197919777248
9892,0.028002307166912585
9893,0.14190300901781985
9894,0.06810023789094735
9895,0.20294116412981766
9896,0.027252864946383227
9897,0.016934260073553205
9898,0.011023062241003247
9899,0.01250967683062287
9900,0.011620091580370565
9901,0.02531508984293633
9902,0.6551440961359888
9903,0.894747971315679
9904,0.19088136024546362
9905,0.013159951130718285
9906,0.150640248678017
9907,0.012808713930231795
9908,0.09550646914439849
9909,0.01562767270791731
9910,0.06401575562935098
9911,0.013893968229228
9912,0.025034118727101696
9913,0.12003420025156256
9914,0.054935344130285245
9915,0.02237005396334134
9916,0.0576588841510008
9917,0.05290787440515715
9918,0.29903425662431843
9919,0.012411811191736736
9920,0.32462041736047265
9921,0.010400988637863151
9922,0.01721231542016782
9923,0.03652432154807945
9924,0.022358936718795575
9925,0.09897175069377999
9926,0.8317407464448812
9927,0.05287731037200574
9928,0.05602271537627223
9929,0.013998602378423947
9930,0.014626270338632027
9931,0.009683457009366745
9932,0.0199497261628566
9933,0.022467156925761806
9934,0.012602768008541435
9935,0.014811006187429922
9936,0.026824846283940978
9937,0.03724904428263891
9938,0.030917561132383718
9939,0.897030781819833
9940,0.24386701218006138
9941,0.012536409298886044
9942,0.12189409950115809
9943,0.014970929597526663
9944,0.013885187144423654
9945,0.024823749440765628
9946,0.06592150776892677
9947,0.4330228750976512
9948,0.016049482176051268
9949,0.023256440166520446
9950,0.01620604184722885
9951,0.0400315945594246
9952,0.18150508355667133
9953,0.06779348978605777
9954,0.014290494143562654
9955,0.08114886812301597
9956,0.0161327703035756
9957,0.01389648747439705
9958,0.01608883903852569
9959,0.04383363797947461
9960,0.908224683587086
9961,0.011218886209398368
9962,0.450174217580367
9963,0.6963389031982669
9964,0.036267392624986176
9965,0.015097217445152425
9966,0.02230754094343415
9967,0.012463686589858653
9968,0.011441433984721567
9969,0.015840870882177314
9970,0.16013421051753782
9971,0.01846820383524984
9972,0.011062755102378337
9973,0.12065719469289542
9974,0.009516434077301409
9975,0.5397038807924617
9976,0.08292066003740232
9977,0.027872870533354
9978,0.06543863352589079
9979,0.07479684137961817
9980,0.01651665843339784
9981,0.14407118306616906
9982,0.10812052116973363
9983,0.03243832339839813
9984,0.008183009444505018
9985,0.02201111367562453
9986,0.02166846802040219
9987,0.02095747665201828
9988,0.9061716820802238
9989,0.06134488454105736
9990,0.009498317468639066
9991,0.020562343414016603
9992,0.2222289679675821
9993,0.019626358300811757
9994,0.009351287751619752
9995,0.03163487991371589
9996,0.012297281791319578
9997,0.024609767229858637
9998,0.008394587692057122
9999,0.0130820159987036
10000,0.009931158952113162
10001,0.008378933890585862
10002,0.043455283494587264
10003,0.07716205486221119
10004,0.016084539626194237
10005,0.20476456316087685
10006,0.016301575564621244
10007,0.023396105956818698
10008,0.02672755496161493
10009,0.028753866919963334
10010,0.016749725186070655
10011,0.1984530392783298
10012,0.05289194749423896
10013,0.08540324217663403
10014,0.0322831161379085
10015,0.06228183586441866
10016,0.02669954867727473
10017,0.012163092784051192
10018,0.014613066480647733
10019,0.008756920864013926
10020,0.047256087682426735
10021,0.2587734442635428
10022,0.017134806699922386
10023,0.03502259899512431
10024,0.008932937074705842
10025,0.008616673926164673
10026,0.5535985330676583
10027,0.0156388419591981
10028,0.01150166352137803
10029,0.05536923392853684
10030,0.07838645074654516
10031,0.02188942495816929
10032,0.008460501194771803
10033,0.007899796339677299
10034,0.05004799498376698
10035,0.0172317942112716
10036,0.6057205452288357
10037,0.014410696672482452
10038,0.03617587291664853
10039,0.019675692730647294
10040,0.010185547945655115
10041,0.4915414407217458
10042,0.011412152111550018
10043,0.028213083339971565
10044,0.030840968703371767
10045,0.020749424649151915
10046,0.07044437697813373
10047,0.10559511575597895
10048,0.05106142136305437
10049,0.01252946597419817
10050,0.017566637433290712
10051,0.4894745281475087
10052,0.01748781400529052
10053,0.3666869283956056
10054,0.01566795456212516
10055,0.009436044731885423
10056,0.017087474603207215
10057,0.09124294517451363
10058,0.013336749763317206
10059,0.019249096360196494
10060,0.013566046164543849
10061,0.048372813255169775
10062,0.011349770840723694
10063,0.03250459841763476
10064,0.10832659862719356
10065,0.008993407023397034
10066,0.08611824951682465
10067,0.2090119566814437
10068,0.19749951528802162
10069,0.0076746731914994655
10070,0.013047449187010002
10071,0.021117604914049598
10072,0.009164607351120364
10073,0.06675304274520562
10074,0.17980121036791064
10075,0.02589603406896348
10076,0.01810982385523783
10077,0.07593517908145239
10078,0.05851790794430325
10079,0.015492262683704367
10080,0.020623099413719745
10081,0.009357231667948928
10082,0.7454469663371026
10083,0.00941097905962636
10084,0.03355572488975418
10085,0.020894546218985854
10086,0.019403756703647707
10087,0.01123212624973178
10088,0.10491732891042009
10089,0.03691490061413504
10090,0.01003024148451019
10091,0.012354939680799128
10092,0.02861158999836947
10093,0.0089919531655968
10094,0.0190733889911967
10095,0.02598785888647758
10096,0.013622740867561657
10097,0.023108580237752422
10098,0.014035576845352529
10099,0.9077498060483723
10100,0.008840845803444632
10101,0.017284601477605428
10102,0.013852339773571896
10103,0.014311955525823029
10104,0.02030481432404475
10105,0.021039949390924767
10106,0.015910818738348934
10107,0.014486807811987613
10108,0.11195518230221808
10109,0.024265186618166963
10110,0.018842443956018237
10111,0.012798521675411446
10112,0.011016249895915901
10113,0.017815249747664182
10114,0.023635507171952955
10115,0.014755970707627427
10116,0.017632167818740288
10117,0.0221754945386466
10118,0.014798115501006974
10119,0.02644203640630092
10120,0.023281350698459075
10121,0.08084154213359877
10122,0.0207274530997972
10123,0.019198190114206946
10124,0.03759021756188187
10125,0.04585856705535133
10126,0.03288949805632494
10127,0.010791652057247324
10128,0.05475802353605489
10129,0.06744136019380435
10130,0.015528595658237575
10131,0.6238511511926436
10132,0.010934916006727092
10133,0.20636705482188733
10134,0.013638083597930197
10135,0.025734245978308912
10136,0.03262362381373147
10137,0.013574643990009173
10138,0.03219622049827961
10139,0.01574565488702448
10140,0.3025408502828358
10141,0.01545454429219781
10142,0.5023276016091239
10143,0.015997452592164205
10144,0.01849165466477468
10145,0.015705565782008563
10146,0.02869751325424996
10147,0.019787415297598338
10148,0.019694481302394855
10149,0.22855894492744633
10150,0.011109473641104655
10151,0.01508197966645499
10152,0.018419831734196132
10153,0.02175263667839188
10154,0.019546692108876062
10155,0.47675862093544813
10156,0.2944888321246591
10157,0.8074616270491047
10158,0.012049264448372241
10159,0.009484786239729504
10160,0.06894519829561255
10161,0.015042622736633527
10162,0.016672221664048748
10163,0.031276069231600416
10164,0.034211323223151215
10165,0.6967237228056862
10166,0.047524092136302966
10167,0.02402120623243622
10168,0.013063786124884335
10169,0.06179836442705441
10170,0.012155363751057986
10171,0.7043580846876795
10172,0.5941191669313354
10173,0.016514721906462738
10174,0.013480361090350718
10175,0.009498782362025084
10176,0.012614691155241012
10177,0.0239866304594827
10178,0.020479841050152884
10179,0.019062522182289234
10180,0.036745288010910135
10181,0.015601436047553112
10182,0.055402073726404606
10183,0.10088273349790917
10184,0.008147696577742744
10185,0.018139532148531937
10186,0.0616641819905592
10187,0.035197631962328044
10188,0.010519122234525132
10189,0.01183641132933018
10190,0.21146846253365317
10191,0.010832643289959008
10192,0.007519448222761671
10193,0.3166728101919996
10194,0.07996591260416261
10195,0.024250767888555055
10196,0.3031378978388156
10197,0.019694740904454
10198,0.036501827006756464
10199,0.0430160106987303
10200,0.20461660890236544
10201,0.06342365864004461
10202,0.013551901598612649
10203,0.021668636327992406
10204,0.01702724712835232
10205,0.7559430421283511
10206,0.01716674470442322
10207,0.021526970070189617
10208,0.05353429641554925
10209,0.00854267866070686
10210,0.024815968547404844
10211,0.03719126437540765
10212,0.06219592517730412
10213,0.16471865267595576
10214,0.012134562154608309
10215,0.011159711502468575
10216,0.02482813325917584
10217,0.01934987768214536
10218,0.01341151789067949
10219,0.11718685007466756
10220,0.029392887968670615
10221,0.011538926469620462
10222,0.03068148155265818
10223,0.021227807701996015
10224,0.02448846986608527
10225,0.030391418327691523
10226,0.0607914388767549
10227,0.20023433033428154
10228,0.20675709510006485
10229,0.010322369992373523
10230,0.01658431622653553
10231,0.008538108034151861
10232,0.06868771209226544
10233,0.015202272411917487
10234,0.024840705756290597
10235,0.05520960908004543
10236,0.017424759292502586
10237,0.020908517803563877
10238,0.10392088642313736
10239,0.018898525891027813
10240,0.02881002369746863
10241,0.04352064091703317
10242,0.03358954143552006
10243,0.010371626360882666
10244,0.010199096453062826
10245,0.06721457859315262
10246,0.00944551526844401
10247,0.031046781758867447
10248,0.06981906541181357
10249,0.009319711197597424
10250,0.4154234898251649
10251,0.0148867770301742
10252,0.015091831547293927
10253,0.08343651788954351
10254,0.03563030095877474
10255,0.11020319825142229
10256,0.8952160953985093
10257,0.042982503872450256
10258,0.010226556834487857
10259,0.04038235411017525
10260,0.3882856704577601
10261,0.05741617866154571
10262,0.052176556363820945
10263,0.060462171253749086
10264,0.023224921920677433
10265,0.212273065933639
10266,0.02316158658312652
10267,0.033715042745747006
10268,0.8816480767574368
10269,0.029619456129123256
10270,0.009143775174165605
10271,0.011310184650709817
10272,0.13328119030176402
10273,0.008009695184520488
10274,0.03303140627187277
10275,0.020724568808588265
10276,0.021354155392742213
10277,0.008640348092927703
10278,0.008684657072563174
10279,0.6729798064402911
10280,0.0188311934476223
10281,0.00750730265540197
10282,0.030604766939307748
10283,0.014190434977533034
10284,0.011836872883535559
10285,0.017776235723179473
10286,0.0346439307872315
10287,0.015398313023489311
10288,0.12339363123944547
10289,0.026998754305842795
10290,0.6513858749520537
10291,0.04083966639685115
10292,0.3256861310380001
10293,0.7538940837350188
10294,0.29533179554419187
10295,0.030933122701124784
10296,0.21650973774623694
10297,0.013958492594773256
10298,0.01238573171641568
10299,0.03070734439541174
10300,0.01536384233790383
10301,0.01384373673427464
10302,0.08018924057185876
10303,0.23648345386216088
10304,0.22440216248574718
10305,0.011269298735738054
10306,0.11332852359493313
10307,0.031193605021786145
10308,0.013410358777815623
10309,0.07296927685372581
10310,0.8339051293913481
10311,0.032739457391999675
10312,0.015964054450026122
10313,0.016615829690971227
10314,0.027002251889707223
10315,0.05384642625454656
10316,0.007359837052349546
10317,0.05989750497253554
10318,0.04347694718672459
10319,0.049878889666618666
10320,0.012130173420300388
10321,0.0075791771387890535
10322,0.024495963130890464
10323,0.023114713501388766
10324,0.010846459471170113
10325,0.01547635722762371
10326,0.009474680001766588
10327,0.01326598717853113
10328,0.03984941257400157
10329,0.011990776915003313
10330,0.10543117275590855
10331,0.08993381727209006
10332,0.01932224821312814
10333,0.01568549834840313
10334,0.3795937910843193
10335,0.023057383821934674
10336,0.01466969873019654
10337,0.26617545950944715
10338,0.06147481337205528
10339,0.09069209983936051
10340,0.018779669272523898
10341,0.02947967584695712
10342,0.017883341399358193
10343,0.5145811194413036
10344,0.03106794550583708
10345,0.209872062380853
10346,0.011258205521519706
10347,0.26945715809735254
10348,0.00923054698815809
10349,0.02815601004168868
10350,0.28394385230429214
10351,0.018941763656036916
10352,0.014324614280081572
10353,0.008004737878672624
10354,0.011380439773288174
10355,0.010676040473004491
10356,0.03775079686541263
10357,0.012497778198899079
10358,0.009016072601857127
10359,0.04307600500444566
10360,0.010395652633855368
10361,0.02314752546834411
10362,0.019889049269896434
10363,0.022758174644780596
10364,0.011916050322263439
10365,0.02268894439347685
10366,0.015743571019168286
10367,0.008895287696679664
10368,0.01845665470201971
10369,0.7260307582630452
10370,0.01438607396037276
10371,0.7391385605802919
10372,0.034199498223290756
10373,0.01154316675581822
10374,0.3120684028243982
10375,0.04816676276878733
10376,0.7732398383695183
10377,0.017994399423888946
10378,0.018349393412267552
10379,0.015646712473717447
10380,0.9158282565675179
10381,0.009990546746754422
10382,0.0070934230599161855
10383,0.06389359801703216
10384,0.010405298408787561
10385,0.04194632928826776
10386,0.007626284095903098
10387,0.013306823872105841
10388,0.015569853436732577
10389,0.021555054063468127
10390,0.013104272183708857
10391,0.011032953663781042
10392,0.02997863791829776
10393,0.1228542697389955
10394,0.02697756094000938
10395,0.028470164798237753
10396,0.1757086216525109
10397,0.3461183607173119
10398,0.015713490851722103
10399,0.009632727514332655
10400,0.02527659817682512
10401,0.39954889979300157
10402,0.00949975814823549
10403,0.016886785647046914
10404,0.1601174356873973
10405,0.04795308323596732
10406,0.014288312670707006
10407,0.5224897929487459
10408,0.007359837052349546
10409,0.04276549178559171
10410,0.030851731401523145
10411,0.061911304798252034
10412,0.08914799710812955
10413,0.04189149416806252
10414,0.01501197279142164
10415,0.058807929291593744
10416,0.028186378683886855
10417,0.013359506775326026
10418,0.045577794683038866
10419,0.02980965045118095
10420,0.024774396601115925
10421,0.01467818027662869
10422,0.011236718315709038
10423,0.01575702319752233
10424,0.012664618398527821
10425,0.892632533541272
10426,0.016210650727096057
10427,0.027865519814654995
10428,0.007949888868476251
10429,0.008308589324012905
10430,0.3443126781888292
10431,0.00939685702540061
10432,0.04998243244901787
10433,0.018189964984867853
10434,0.009002899952709592
10435,0.020402927765962843
10436,0.04847518006972621
10437,0.02956447200589738
10438,0.04130787572482519
10439,0.017807495625732122
10440,0.03541177999147792
10441,0.019644426594141853
10442,0.02506929976319182
10443,0.013849094801575056
10444,0.009237198849555971
10445,0.5804532550994613
10446,0.04233141242319495
10447,0.8638933995571487
10448,0.04749124385726651
10449,0.009149155047034835
10450,0.01541142840955579
10451,0.01391273574983209
10452,0.009861042455709035
10453,0.010074624977143284
10454,0.016736089943949574
10455,0.03112463604449539
10456,0.014790535437985525
10457,0.6457180196650858
10458,0.8728720412421784
10459,0.018085087546902516
10460,0.011681561539969545
10461,0.015415981454794224
10462,0.01697164388357243
10463,0.01122042363418033
10464,0.00697164997621377
10465,0.012754936983244614
10466,0.45812229217404166
10467,0.06395931951442796
10468,0.012632365480411249
10469,0.14692113969045975
10470,0.012167066445953516
10471,0.01825386148368196
10472,0.017806487061778786
10473,0.018367031570386806
10474,0.02838340701004694
10475,0.014814284443058776
10476,0.10476865791140696
10477,0.039610155071940024
10478,0.023705772109762258
10479,0.0289732796326476
10480,0.009197359391480649
10481,0.018110816424921017
10482,0.18037081604992802
10483,0.013482024291199718
10484,0.013050207985892324
10485,0.11995652245850515
10486,0.029351571725115187
10487,0.014534376159139446
10488,0.07074951719936191
10489,0.021251518062749348
10490,0.013406147382499036
10491,0.02336311481109318
10492,0.193964543167932
10493,0.014537769638449802
10494,0.033826584165093584
10495,0.8257928483192631
10496,0.01053375116893196
10497,0.2062443762178028
10498,0.02258980263662933
10499,0.010478559840553797
10500,0.04155916623778645
10501,0.018129851515601213
10502,0.00860233664349494
10503,0.01795663212904421
10504,0.015673546342510294
10505,0.017320697033128777
10506,0.013234503735677156
10507,0.8245796044405734
10508,0.01764117570971601
10509,0.05108559064597043
10510,0.023848809443006415
10511,0.05381443818552998
10512,0.016070722517156685
10513,0.05937942431793321
10514,0.013744271157519907
10515,0.0173718517913002
10516,0.012519504200744734
10517,0.017655865059637288
10518,0.012817329461060666
10519,0.01841876256233367
10520,0.013286463805090432
10521,0.12967717306258686
10522,0.0352969114172892
10523,0.17910837603656157
10524,0.14780807314280728
10525,0.013808284228400067
10526,0.014566101596597561
10527,0.09619326599634467
10528,0.1380529693008344
10529,0.010089726241187884
10530,0.19350249932555175
10531,0.031070959350005214
10532,0.00864844825084901
10533,0.10858854447163044
10534,0.011451534385319167
10535,0.008806946014781908
10536,0.015345305466678956
10537,0.011673886724506926
10538,0.011006203876905634
10539,0.00856523299104059
10540,0.6964216716400344
10541,0.32218218069282156
10542,0.008895494152516463
10543,0.018186240711916785
10544,0.01648674597551889
10545,0.013505779609327157
10546,0.014331068352936583
10547,0.016186319605635078
10548,0.7805775021412239
10549,0.007801994253330756
10550,0.0488302400898017
10551,0.04714851386853043
10552,0.01387747309909368
10553,0.7830427409121311
10554,0.014225224903267865
10555,0.04565830370263691
10556,0.09121874065984237
10557,0.39062076581961885
10558,0.012097869006314096
10559,0.01673102233121183
10560,0.01098382806681971
10561,0.026569767658551204
10562,0.011136882712569008
10563,0.32682989736834483
10564,0.08912650733644352
10565,0.022356838490766032
10566,0.030386285413117553
10567,0.4211817738029156
10568,0.011636797712892907
10569,0.08021763848101755
10570,0.014478342913739914
10571,0.014050540604196518
10572,0.015152655161424309
10573,0.04028705201968216
10574,0.0166876238743044
10575,0.07438750549076842
10576,0.02698928234584148
10577,0.011444521040764327
10578,0.00704172226631588
10579,0.01019730676697564
10580,0.011041563842788133
10581,0.10507100273932082
10582,0.8818363526532199
10583,0.048704169765656814
10584,0.07972263566549714
10585,0.03148208557221085
10586,0.029692224464651244
10587,0.6600593230906422
10588,0.018082139307504082
10589,0.10428493173643796
10590,0.03130629842317942
10591,0.015694926950200562
10592,0.4497947248979149
10593,0.010944150523692409
10594,0.011561413161430596
10595,0.07090009799522004
10596,0.0674852404558813
10597,0.008076518228851018
10598,0.016138391463659647
10599,0.03772564895652004
10600,0.12052924282375994
10601,0.028235840723220825
10602,0.015095510055126077
10603,0.016458162773403333
10604,0.2810548188606646
10605,0.03323030411445409
10606,0.015873585795429076
10607,0.4711346553123178
10608,0.07299134229570828
10609,0.03577528637492019
10610,0.012318471585709874
10611,0.22532309339051615
10612,0.026433314578987784
10613,0.009791515174284568
10614,0.041326294569382555
10615,0.05971542451785931
10616,0.03414036007878017
10617,0.0347189457885339
10618,0.016003198355097573
10619,0.06372629841742243
10620,0.013217837963300968
10621,0.36106174818720377
10622,0.07090496465791307
10623,0.0106087106086095
10624,0.012697139111079789
10625,0.30624223709370346
10626,0.8869649660100892
10627,0.019180782673957782
10628,0.00907752318869774
10629,0.03503598976421132
10630,0.5195277533111939
10631,0.16996750230540594
10632,0.021228085721212063
10633,0.7474830403519417
10634,0.026888318362078258
10635,0.31384574194390136
10636,0.017948780587808924
10637,0.01481306412156724
10638,0.01220349711991992
10639,0.01380047398343265
10640,0.029077857840751797
10641,0.018707913982452612
10642,0.046230977814053775
10643,0.018505114520437967
10644,0.11009841580700874
10645,0.042769369694299994
10646,0.014882523787497885
10647,0.07425524100257763
10648,0.014801292161038104
10649,0.00853054511648953
10650,0.013712485284470338
10651,0.016733068588763868
10652,0.020071206244911925
10653,0.15937912007769756
10654,0.016206435371108288
10655,0.008578889167401682
10656,0.014700274176852083
10657,0.009328224897084566
10658,0.13846951704442986
10659,0.03678049479654937
10660,0.2603684101022179
10661,0.10283764003953753
10662,0.024823676331631794
10663,0.04315445838772167
10664,0.010380366206420036
10665,0.020445233647845992
10666,0.014674699869337442
10667,0.02824200411524874
10668,0.01866418390832625
10669,0.015025185783345186
10670,0.031720338218917614
10671,0.09735336086806277
10672,0.019190773839265287
10673,0.00939018584748451
10674,0.012442173409244214
10675,0.009559741841780376
10676,0.03606431790136252
10677,0.02207013385067337
10678,0.01630070699386786
10679,0.07293380971797511
10680,0.01169318365596104
10681,0.09570682653355835
10682,0.03331656986812922
10683,0.017727707392545394
10684,0.04695281285011251
10685,0.011673552243254004
10686,0.29853359690053555
10687,0.012232556286007504
10688,0.022300667684350937
10689,0.10697877993576656
10690,0.17243545351080222
10691,0.047237511225986316
10692,0.009355220133464317
10693,0.008720156105228485
10694,0.04036642955182849
10695,0.017193375280871344
10696,0.8297326298823993
10697,0.02361472476818573
10698,0.4596380826796269
10699,0.0301862342179361
10700,0.01800838799278222
10701,0.008379829271882413
10702,0.013074961413182503
10703,0.01822516487626903
10704,0.015920495646281143
10705,0.014769544872853974
10706,0.012452016123132384
10707,0.02305365409457296
10708,0.3501641735833898
10709,0.02202580497117282
10710,0.020750622543787255
10711,0.038942425197958264
10712,0.021269959747540576
10713,0.018183763523374252
10714,0.018691107624190968
10715,0.014197228590470632
10716,0.05444251042402876
10717,0.014527090353433513
10718,0.08377753428126063
10719,0.027300770007258328
10720,0.02768129607701039
10721,0.02265009610602237
10722,0.16833162076755104
10723,0.01527630156564136
10724,0.02274130150884616
10725,0.041442608589576005
10726,0.14588070632386724
10727,0.009227839112302154
10728,0.014499144930708913
10729,0.5038114212576859
10730,0.019912156820740278
10731,0.011457401777572868
10732,0.014216420988618321
10733,0.0143445676169649
10734,0.1101040964071178
10735,0.051902395602694794
10736,0.39358807240675836
10737,0.02316444622788147
10738,0.04007193538318533
10739,0.014523216104239985
10740,0.030900459831515927
10741,0.019715534069445442
10742,0.008386496494177597
10743,0.012100547794066744
10744,0.02027414093291455
10745,0.8730498470112865
10746,0.11796899357717607
10747,0.013190962967316278
10748,0.01955896629353745
10749,0.7631080184473825
10750,0.011935105867083061
10751,0.05717169142843586
10752,0.22277585724215837
10753,0.18778985839216006
10754,0.01777113436979024
10755,0.023092778445653696
10756,0.01406620289580966
10757,0.017150393178842108
10758,0.03078210816353694
10759,0.00845390227410306
10760,0.015056870015454884
10761,0.13703578342920952
10762,0.007069139117531122
10763,0.012696570388475766
10764,0.0847333198370576
10765,0.01264115472870161
10766,0.009499140322381625
10767,0.014964155265696845
10768,0.02660869662260686
10769,0.025656724959779185
10770,0.013113321609498347
10771,0.03625165556717318
10772,0.05177283415068495
10773,0.041629509067508924
10774,0.05935362781244407
10775,0.02640151470010265
10776,0.034114761817039194
10777,0.17287278361907002
10778,0.04360494843997327
10779,0.020242308622915702
10780,0.012505954402393783
10781,0.009841560981889626
10782,0.2514632304862358
10783,0.048143672293666784
10784,0.029726190151674412
10785,0.031452813143669135
10786,0.014800804258479922
10787,0.010731773993307091
10788,0.04641465687213713
10789,0.02172089907169265
10790,0.023562142294478672
10791,0.012487079848576929
10792,0.011405281226880549
10793,0.43240886304508
10794,0.01177204773590077
10795,0.15467033821554435
10796,0.12932613307627555
10797,0.021194308349022105
10798,0.017174461765418477
10799,0.022814614332831076
10800,0.028191581504466608
10801,0.007389321769485377
10802,0.17444215816385444
10803,0.02349564202373124
10804,0.04726663295571988
10805,0.05121579394761588
10806,0.014424281074400943
10807,0.017984293616870213
10808,0.08173679010033312
10809,0.7500818334300817
10810,0.021353432496297883
10811,0.020295200214414166
10812,0.040328542692238525
10813,0.017120426378453714
10814,0.031121290883942252
10815,0.0139714802111834
10816,0.011661854818564873
10817,0.6286322358607722
10818,0.014381175690016545
10819,0.0241905302974295
10820,0.009443434426392002
10821,0.010686273765624912
10822,0.020140404404092194
10823,0.09177652212135329
10824,0.010272319189117559
10825,0.015640240033076507
10826,0.03852633907889587
10827,0.013390889710727853
10828,0.46898800623387643
10829,0.02849861893241279
10830,0.11939387243702577
10831,0.031298019349746006
10832,0.015124174159993198
10833,0.021221914935712557
10834,0.019560952280946613
10835,0.19727995877359736
10836,0.07047607511900805
10837,0.014742415994959053
10838,0.012214342596479173
10839,0.012962315645149474
10840,0.04332981127115243
10841,0.16545307464273934
10842,0.11388305596884167
10843,0.22233814176381173
10844,0.038160346864582854
10845,0.18451984149804831
10846,0.01368968694666105
10847,0.012811657100382207
10848,0.02300375623283003
10849,0.009729574305037843
10850,0.1755801086093991
10851,0.024010565566738456
10852,0.2136778183145255
10853,0.01469494709136046
10854,0.048360120344683566
10855,0.027788843018488055
10856,0.01720042612725684
10857,0.021523970378264527
10858,0.01901084954335544
10859,0.0113271726165823
10860,0.23076404266437686
10861,0.04516389799947211
10862,0.034875057702133914
10863,0.024833902056950064
10864,0.5049262541013271
10865,0.008309252614877275
10866,0.009010572668116739
10867,0.027279311023834588
10868,0.1397329360169921
10869,0.1145046139269761
10870,0.010394053882256442
10871,0.08860894595384626
10872,0.009246757130148013
10873,0.01002388681019618
10874,0.8308188545141151
10875,0.018707647598250447
10876,0.007110726424287222
10877,0.0397007930672261
10878,0.01574907691233081
10879,0.054726011569482313
10880,0.010553423885724854
10881,0.013341969049457385
10882,0.019638713531587998
10883,0.015110565348447659
10884,0.016552762256986313
10885,0.022412458428868166
10886,0.015248459952484075
10887,0.038332209414960246
10888,0.022186297815804487
10889,0.025256897465382393
10890,0.18556956465115215
10891,0.021648819837146407
10892,0.007415440033381995
10893,0.01588623316204747
10894,0.03663373912196914
10895,0.3484182449419203
10896,0.014020226133506727
10897,0.01685323178660341
10898,0.021441509678114652
10899,0.31760379824752233
10900,0.02756773882222431
10901,0.029422711297626282
10902,0.019625421526570982
10903,0.11856663923242344
10904,0.09376763506677248
10905,0.02895520596581183
10906,0.05453362469715566
10907,0.01243423080687901
10908,0.01760209087745025
10909,0.32863063027745926
10910,0.009961784366914818
10911,0.009121131737792634
10912,0.036321180976251644
10913,0.011834011075509939
10914,0.017977221911334152
10915,0.22767576253078925
10916,0.012997075967485824
10917,0.49052276556178104
10918,0.02216939160928952
10919,0.30981479628737585
10920,0.8864020089845542
10921,0.010408819257429218
10922,0.013786725355649197
10923,0.012098702046664297
10924,0.058297522052041015
10925,0.2909767087213009
10926,0.03111039945500406
10927,0.017067376387862054
10928,0.012136033273223172
10929,0.06088395370304674
10930,0.3795263267087996
10931,0.03977468517044329
10932,0.03348864135192155
10933,0.020076698504894595
10934,0.019449688974504976
10935,0.018055024940393967
10936,0.5700997417732302
10937,0.012759718792063467
10938,0.023683867270484715
10939,0.010474859695570958
10940,0.05622741453738827
10941,0.04854805689841229
10942,0.48900141691937027
10943,0.02759614555255928
10944,0.7885360520886978
10945,0.008645227216051864
10946,0.013265359903169908
10947,0.0761103186027819
10948,0.02469176483865089
10949,0.03219717177272789
10950,0.0660504183896445
10951,0.8825344391367467
10952,0.02947739208336433
10953,0.8515584443960456
10954,0.019590096823071116
10955,0.17622835479917026
10956,0.027514555388627352
10957,0.033661883518834916
10958,0.03619974134996591
10959,0.0931831684501516
10960,0.7467310025257489
10961,0.016482069872050364
10962,0.7807491527220809
10963,0.02876298830033079
10964,0.02947485758202486
10965,0.8416654640358308
10966,0.0167347121498986
10967,0.03699289894451499
10968,0.423185516630177
10969,0.02201462068648794
10970,0.050196450894119636
10971,0.009423024852346591
10972,0.026478692255315236
10973,0.016163169850333965
10974,0.012177639930768517
10975,0.028628197559346206
10976,0.013441690971761249
10977,0.6673361001541763
10978,0.01613651621969069
10979,0.0415554863073382
10980,0.06780742467740379
10981,0.014571723335880218
10982,0.030979577622688926
10983,0.11164236604227318
10984,0.03393378328049484
10985,0.02501995791865437
10986,0.12521582771946746
10987,0.01324156163571422
10988,0.0596150724944673
10989,0.01941138778238612
10990,0.009486193925411664
10991,0.013091722565130874
10992,0.09360972706221399
10993,0.3247645038729476
10994,0.0194089040185602
10995,0.01564256473916843
10996,0.03786223527679755
10997,0.8691615148205292
10998,0.009456712728226726
10999,0.015889553368736275
11000,0.008952007641598429
11001,0.025736623148151432
11002,0.014996032058093528
11003,0.03212071538233573
11004,0.009837027950363052
11005,0.016870918370438595
11006,0.7715598009188889
11007,0.03727375810496995
11008,0.011500459143750386
11009,0.18461277597934397
11010,0.02754067205681679
11011,0.8849398835225639
11012,0.010262476291935248
11013,0.016627303826221105
11014,0.011727365606457037
11015,0.42971970133005655
11016,0.0163155526858839
11017,0.11610474009322277
11018,0.01714317316792407
11019,0.031175551894628124
11020,0.0179322548114676
11021,0.037971096253346354
11022,0.011380430108814427
11023,0.012573894943606952
11024,0.031565001522284815
11025,0.016631846358910976
11026,0.009373112695275564
11027,0.37004721344915825
11028,0.07203677282550117
11029,0.029368245436458898
11030,0.021935274341019044
11031,0.12314813487392384
11032,0.05541837155015304
11033,0.014882991989392882
11034,0.017310604026967446
11035,0.01718599930527877
11036,0.8076632032806729
11037,0.12813557348448046
11038,0.14963675013966848
11039,0.014266234137339746
11040,0.8058619429570139
11041,0.015936864693934977
11042,0.06171915608958543
11043,0.027322373805178782
11044,0.09426616291303674
11045,0.05217134501442907
11046,0.8335327809610676
11047,0.33677820986370377
11048,0.013918962859263638
11049,0.06686214487553202
11050,0.8679376807015672
11051,0.0112275095079024
11052,0.038781229013864854
11053,0.0277131148574477
11054,0.010554738990546942
11055,0.011912139186189163
11056,0.009335265220335582
11057,0.6488198876436394
11058,0.015707608818446583
11059,0.025941313356169046
11060,0.036465317885229394
11061,0.012489630761183148
11062,0.08674495844217099
11063,0.02714660945188063
11064,0.02229165016613852
11065,0.013876981420595695
11066,0.23741795018817755
11067,0.16852068888967456
11068,0.03200167244785748
11069,0.0822025251765513
11070,0.01928960029148132
11071,0.24520506324615365
11072,0.08185368651321322
11073,0.22168696446992464
11074,0.015570149773379078
11075,0.010905597607784851
11076,0.027054181216648196
11077,0.027003184692605542
11078,0.02163324411695879
11079,0.029271719556644094
11080,0.016447545244385516
11081,0.323291933444087
11082,0.5190630346942304
11083,0.011713378950224472
11084,0.02349867766296008
11085,0.00833261739013964
11086,0.0567025239475501
11087,0.04038721574426357
11088,0.020148217118494675
11089,0.010541642228092746
11090,0.0199053573666132
11091,0.008694056511236836
11092,0.037389559749873055
11093,0.021654136829617435
11094,0.020125922175135764
11095,0.024646203938737316
11096,0.3796625864083248
11097,0.015931117031968478
11098,0.017662241271626022
11099,0.14973117766701968
11100,0.009403760505264697
11101,0.016265347066274076
11102,0.009784326564042807
11103,0.021231892523460652
11104,0.014887103330924379
11105,0.023015097077192334
11106,0.01465033410430283
11107,0.31433409130614154
11108,0.06473816508285747
11109,0.4286987042413563
11110,0.05622712946744273
11111,0.02020075690941318
11112,0.026711295736887065
11113,0.019101125070759034
11114,0.2825131613490465
11115,0.008861105716819508
11116,0.283858572849818
11117,0.013196323548447075
11118,0.36737276724816664
11119,0.025571713046362698
11120,0.12438468040497443
11121,0.37257402097029957
11122,0.010494057300838725
11123,0.008408976982580786
11124,0.01408338995808108
11125,0.05917454362549005
11126,0.021353746737239523
11127,0.019530776559020697
11128,0.055221008600920184
11129,0.08031678688521204
11130,0.011468145638035847
11131,0.012428167122257019
11132,0.010676691292163757
11133,0.04876402526627581
11134,0.5847445407287218
11135,0.01479511243009515
11136,0.015216931661681794
11137,0.022924545300938057
11138,0.0701536682742008
11139,0.012873551850947082
11140,0.02308267697145599
11141,0.01986767913735058
11142,0.012037118856803078
11143,0.009667960258995379
11144,0.045634164711321375
11145,0.011073943726185738
11146,0.016690070991005328
11147,0.022768401515860816
11148,0.021379879282630326
11149,0.009436726201108164
11150,0.01785091533708304
11151,0.1644300714993478
11152,0.04976698515260208
11153,0.022437545202011116
11154,0.10830934631699142
11155,0.06256732371625198
11156,0.020785339681168018
11157,0.010662679214374268
11158,0.016133333282691238
11159,0.04263822497844989
11160,0.0181611083817631
11161,0.10379622740825237
11162,0.05962391011668835
11163,0.012215887648226205
11164,0.036512168839061165
11165,0.011957117094787134
11166,0.06874136206662936
11167,0.020228517621138132
11168,0.28530747822050945
11169,0.05433638688730629
11170,0.015727718380445316
11171,0.012427177630627789
11172,0.02878518441573632
11173,0.05850196266151751
11174,0.5543596030038178
11175,0.01959060400448729
11176,0.13225506825423053
11177,0.007550407450357544
11178,0.03383136436106974
11179,0.019558995583096147
11180,0.02230335429872992
11181,0.014531427964455395
11182,0.010002068839140791
11183,0.13356398526911106
11184,0.03493013850842582
11185,0.017450698374158725
11186,0.009800966477995407
11187,0.6966116608845572
11188,0.015013779518119516
11189,0.021593831421546625
11190,0.013612007655497216
11191,0.01425836368984423
11192,0.010844244334566806
11193,0.012549291740711715
11194,0.014361673404608127
11195,0.032123814104712066
11196,0.03036072173468192
11197,0.5422266167183839
11198,0.007079672687762841
11199,0.14279423341503072
11200,0.023801054750949662
11201,0.03461811081196843
11202,0.04777804572260012
11203,0.03751351963335355
11204,0.047300340533709045
11205,0.012522889526769486
11206,0.013998376692043341
11207,0.022773474904097694
11208,0.014777402117572093
11209,0.014573453866115036
11210,0.008892801075594328
11211,0.012301280317704078
11212,0.013676643649731207
11213,0.03016613461437022
11214,0.48511509056944063
11215,0.015108464094401617
11216,0.9378088355267487
11217,0.02954933959858356
11218,0.01582847343692207
11219,0.023440840458041158
11220,0.029097840190146492
11221,0.015792038006280512
11222,0.018969562418256883
11223,0.01797736796773255
11224,0.2610799108127931
11225,0.012475136165114456
11226,0.016295468986660875
11227,0.674572592415277
11228,0.4639176570899632
11229,0.0538365562970091
11230,0.022006727784067415
11231,0.008101837843393243
11232,0.8200173714901839
11233,0.04492518414856739
11234,0.034040145725555034
11235,0.007756699393843573
11236,0.026423228322739252
11237,0.01447183482744489
11238,0.12259219744160797
11239,0.017897345424643947
11240,0.050700235311363556
11241,0.05311983821206453
11242,0.08653004765624685
11243,0.010367787966169729
11244,0.010036376738997453
11245,0.7070825696406916
11246,0.01823329155868136
11247,0.010902701597706285
11248,0.01287132740776852
11249,0.0155961025040481
11250,0.010026339755981504
11251,0.01657596387614086
11252,0.012735230897532956
11253,0.09466675142111888
11254,0.017154057425933258
11255,0.04400404930605394
11256,0.011804194497497571
11257,0.024796040889012546
11258,0.027084416549389548
11259,0.013140810739537897
11260,0.056829970359099535
11261,0.02429638625454973
11262,0.026063654104775624
11263,0.06078043691850213
11264,0.7230341977871572
11265,0.009874586482814763
11266,0.2366872647629011
11267,0.036543692526842565
11268,0.6753295903982128
11269,0.015450398768411694
11270,0.01294624880086734
11271,0.010651744068423518
11272,0.03688961297085733
11273,0.018149132453786382
11274,0.01591300364159239
11275,0.007876898456125592
11276,0.019019356445293976
11277,0.01146983797645277
11278,0.8903557079013322
11279,0.027808205342327464
11280,0.024365117805861324
11281,0.08765333519180275
11282,0.021767893755652634
11283,0.010580395469610697
11284,0.010767706289743372
11285,0.017320296365896045
11286,0.055526339089606046
11287,0.01702134510459446
11288,0.04849825552652512
11289,0.014066202167815277
11290,0.00982567199598371
11291,0.016753478967056822
11292,0.21250967168456902
11293,0.02042408847130352
11294,0.011112925566948432
11295,0.6907242995140359
11296,0.0332716321008139
11297,0.01368384333782079
11298,0.019247946709856682
11299,0.018695473912138175
11300,0.4549975725362559
11301,0.013451630365046905
11302,0.09966218516766336
11303,0.009720471765832631
11304,0.02283306878288124
11305,0.029023181297961886
11306,0.13767851185723876
11307,0.10189606294645384
11308,0.6623084735687915
11309,0.015522014328565916
11310,0.018627911533821474
11311,0.08699198958827356
11312,0.03530503177053283
11313,0.016703874363425367
11314,0.759619851483305
11315,0.009630837773003033
11316,0.014716594768813528
11317,0.018016619633494504
11318,0.007686576758376548
11319,0.011877710750829523
11320,0.02311809493868844
11321,0.011007474675361622
11322,0.05384702382627268
11323,0.03112963786689051
11324,0.01650977594499411
11325,0.8603360542832537
11326,0.11011622780051313
11327,0.8606899184110114
11328,0.10741062042020734
11329,0.03200226900721173
11330,0.22692979051699275
11331,0.017999607926127505
11332,0.43805058857133516
11333,0.026712798132187736
11334,0.01798503914220066
11335,0.020821091031396524
11336,0.011130588586441927
11337,0.01015679615437983
11338,0.009251048806885728
11339,0.04412022328497553
11340,0.20445589344316636
11341,0.02075418432068396
11342,0.04287828307895537
11343,0.019688912353352624
11344,0.40895214811646335
11345,0.0930739654036507
11346,0.007644541735178095
11347,0.03207636370827063
11348,0.134191875311737
11349,0.0303645874204149
11350,0.007184765079576796
11351,0.5192989072892675
11352,0.010043628672801341
11353,0.02853115665336273
11354,0.01663692458606443
11355,0.015367268659655813
11356,0.011667857585819544
11357,0.025572519021700824
11358,0.04507446073882631
11359,0.017624622168335987
11360,0.2558185661055123
11361,0.011828264259476085
11362,0.365202019429227
11363,0.7669305765994374
11364,0.13407658184907664
11365,0.012756395987330133
11366,0.12852752773668694
11367,0.030831718191145115
11368,0.02095993180889685
11369,0.02342168733561614
11370,0.016375694816137272
11371,0.014580222754413221
11372,0.0824794005716806
11373,0.2680114509911395
11374,0.053224416200814445
11375,0.1496623127176576
11376,0.01640339023192357
11377,0.06145407000905336
11378,0.018263413471683067
11379,0.01455285310331071
11380,0.09547477794235439
11381,0.008137822391717639
11382,0.017504403845905153
11383,0.024997973531308913
11384,0.03075071616315519
11385,0.014174987956253897
11386,0.2026952682851486
11387,0.010226122096235312
11388,0.024015958417177758
11389,0.26326417945985575
11390,0.07073583341349578
11391,0.014643360866086813
11392,0.464934793584866
11393,0.011998022030557479
11394,0.028092302486705998
11395,0.28064204435802315
11396,0.9094821754483396
11397,0.010335766649566787
11398,0.15515455861559346
11399,0.3395971949409112
11400,0.018505264305196122
11401,0.008149059951363226
11402,0.924913213722394
11403,0.8226988712391123
11404,0.020827411374195328
11405,0.3293604188123068
11406,0.013944672839001112
11407,0.1033979987333635
11408,0.8149619838135278
11409,0.7603036181810992
11410,0.025535847959198697
11411,0.015335186264999105
11412,0.056655156126736106
11413,0.010320702118292219
11414,0.0242296454362085
11415,0.024747205202869084
11416,0.007634161707615462
11417,0.0489121129159112
11418,0.9150084425693262
11419,0.015012698464036613
11420,0.020292258374104217
11421,0.012824031985290677
11422,0.008415558930280195
11423,0.024074194671339044
11424,0.4651750232251602
11425,0.007502585807364552
11426,0.01383311417719073
11427,0.2690201631081953
11428,0.01708851314993467
11429,0.5166066964686804
11430,0.01969082512555582
11431,0.023332038275948538
11432,0.00953193771920924
11433,0.7470386230162681
11434,0.007977199725513591
11435,0.015626380549302085
11436,0.018369418225605144
11437,0.012662670616720802
11438,0.10460287988301756
11439,0.7183283798767773
11440,0.00816722893777396
11441,0.022321451193036617
11442,0.038997359202039825
11443,0.02899915379471038
11444,0.060806590560820724
11445,0.022653818997022165
11446,0.011051346362844239
11447,0.02127563712806074
11448,0.033997498774030716
11449,0.05262413201084757
11450,0.014861181176433997
11451,0.02842361230696863
11452,0.028852786301173463
11453,0.01026660383936397
11454,0.025243364031932686
11455,0.05095594697115264
11456,0.019044797720949854
11457,0.013015391374099862
11458,0.04073162557154309
11459,0.027020981900379798
11460,0.020154792220143113
11461,0.02128192174203629
11462,0.016921193624453816
11463,0.01750562573775844
11464,0.029190123010617398
11465,0.033801712448908575
11466,0.05029213662905501
11467,0.01889589360006991
11468,0.01338479686788591
11469,0.06295017137069889
11470,0.016664057543518015
11471,0.03521014531969943
11472,0.030148523695291026
11473,0.061560880535840364
11474,0.014486233091735226
11475,0.014665898498678514
11476,0.5276594150670294
11477,0.02036600736510631
11478,0.031944893880646745
11479,0.01427516829614118
11480,0.01663382929345696
11481,0.012360565975118256
11482,0.49042475314267486
11483,0.009422655055490102
11484,0.017422017848221092
11485,0.928498326669921
11486,0.021521837597442344
11487,0.7983235058243044
11488,0.028704956907903253
11489,0.018065290219064195
11490,0.019069835334786102
11491,0.0705974444367818
11492,0.01373785825462635
11493,0.01158220818051845
11494,0.030353623363448847
11495,0.07030262364452777
11496,0.7212665074041827
11497,0.01651637951825921
11498,0.014572851718382232
11499,0.013751081079686712
11500,0.012228572568212743
11501,0.05747065086363944
11502,0.013248919814693458
11503,0.018646045467587333
11504,0.013999242563776043
11505,0.48287993866311685
11506,0.027534299391883645
11507,0.011135150529799845
11508,0.012200224002820736
11509,0.031066741637832195
11510,0.3641952338163631
11511,0.46417717354550253
11512,0.3572175977977935
11513,0.7987348027179415
11514,0.014031804473778687
11515,0.028304984432216643
11516,0.01978992456114651
11517,0.030179484077019994
11518,0.01927959516852856
11519,0.05453781561210093
11520,0.014385756522037883
11521,0.008550875768538144
11522,0.36090716663921935
11523,0.01747092372315618
11524,0.5664702192880495
11525,0.09468518690617916
11526,0.02272686218729131
11527,0.007545415599665607
11528,0.014533630475241227
11529,0.008630814647331163
11530,0.09145167744425996
11531,0.010445709979773685
11532,0.010194804602176425
11533,0.25164897105748574
11534,0.015073621435310828
11535,0.7599780748357454
11536,0.0786930573738783
11537,0.47205340648306854
11538,0.1546048373298321
11539,0.011612786373856742
11540,0.25135567313157836
11541,0.02034488220054834
11542,0.17548468674239945
11543,0.02649302460389368
11544,0.03396289407801059
11545,0.011445758216475232
11546,0.008727407779233507
11547,0.876115831743178
11548,0.011263022604170113
